"class","precision","recall","f1-score","support","model"
"0","0.8505145648002791","0.8477051460361613","0.8491075315629082","5752","decisionTree"
"1","0.5500770416024653","0.5554979253112033","0.5527741935483871","1928","decisionTree"
"accuracy","0.7743489583333333","0.7743489583333333","0.7743489583333333","0","decisionTree"
"macro avg","0.7002958032013722","0.7016015356736823","0.7009408625556477","7680","decisionTree"
"weighted avg","0.7750922282474946","0.7743489583333333","0.7747155164988461","7680","decisionTree"
