"class","precision","recall","f1-score","support","model"
"<=50K","0.8251382913337431","0.9335883171070932","0.8760195758564437","5752","LogisticRegression"
">50K","0.674061433447099","0.40975103734439833","0.5096774193548387","1928","LogisticRegression"
"accuracy","0.8020833333333334","0.8020833333333334","0.8020833333333334","0","LogisticRegression"
"macro avg","0.749599862390421","0.6716696772257458","0.6928484976056413","7680","LogisticRegression"
"weighted avg","0.7872117051351168","0.8020833333333334","0.7840524303180201","7680","LogisticRegression"
