"class","precision","recall","f1-score","support","model"
"0","0.8501918381583536","0.8475312934631433","0.8488594811074351","5752","DecisionTree"
"1","0.5493319630010277","0.5544605809128631","0.5518843572534847","1928","DecisionTree"
"accuracy","0.7739583333333333","0.7739583333333333","0.7739583333333333","0","DecisionTree"
"macro avg","0.6997619005796907","0.7009959371880032","0.7003719191804599","7680","DecisionTree"
"weighted avg","0.7746634736657332","0.7739583333333333","0.7743063510565997","7680","DecisionTree"
