"class","precision","recall","f1-score","support","model"
"0","0.8485589519650655","0.8445757997218358","0.8465626905985885","5752","DecisionTree"
"1","0.5427109974424552","0.5503112033195021","0.5464846767962915","1928","DecisionTree"
"accuracy","0.770703125","0.770703125","0.770703125","0","DecisionTree"
"macro avg","0.6956349747037603","0.697443501520669","0.69652368369744","7680","DecisionTree"
"weighted avg","0.7717783717151185","0.770703125","0.7712306058836369","7680","DecisionTree"
