"class","precision","recall","f1-score","support","model"
"<=50K","0.867816091954023","0.9188108484005564","0.8925857118729944","5752","GradientBoosting"
">50K","0.7062893081761006","0.5824688796680498","0.6384309266628766","1928","GradientBoosting"
"accuracy","0.834375","0.834375","0.834375","0","GradientBoosting"
"macro avg","0.7870527000650618","0.750639864034303","0.7655083192679355","7680","GradientBoosting"
"weighted avg","0.8272661389431071","0.834375","0.8287822710025378","7680","GradientBoosting"
