,age,fnlwgt,education_num,capital_gain,capital_loss,hours_per_week
age,1.0,-0.07651083605759271,0.04352608657302713,0.0801542263399125,0.060165479855686835,0.10159875929548422
fnlwgt,-0.07651083605759271,1.0,-0.044991742148081854,0.0004215673835380509,-0.009749527811310938,-0.022885751617396227
education_num,0.04352608657302713,-0.044991742148081854,1.0,0.12441599532692403,0.07964641032298414,0.15252207096065878
capital_gain,0.0801542263399125,0.0004215673835380509,0.12441599532692403,1.0,-0.03222932650311955,0.08043180069849806
capital_loss,0.060165479855686835,-0.009749527811310938,0.07964641032298414,-0.03222932650311955,1.0,0.05241704932626748
hours_per_week,0.10159875929548422,-0.022885751617396227,0.15252207096065878,0.08043180069849806,0.05241704932626748,1.0
